voltage,current,status,random_noise,duplicate_voltage
234.96714153011231,12.798710873172004,healthy,-0.8643910709141808,234.96714153011231
228.61735698828815,11.849267365825538,healthy,-0.1409279142776198,228.61735698828815
236.47688538100692,10.119260739840348,healthy,0.3165403266086319,236.47688538100692
367.84544784612035,26.118379333766555,healthy,0.18966087706342083,245.23029856408024
227.65846625276663,11.39644662722718,healthy,-1.6054650897190463,227.65846625276663
227.6586304305082,10.7869707708435,unknown,-0.43900595087122857,227.6586304305082
245.79212815507393,11.790386440055464,unknown,1.677462930312606,245.79212815507393
237.6743472915291,11.270343603363939,unknown,-0.4924460743305178,237.6743472915291
225.30525614065047,12.09910543063867,unknown,0.015807544111839433,225.30525614065047
235.42560043585965,8.929529576878863,unknown,-0.08675575054894435,235.42560043585965
225.36582307187538,12.634788131268651,unknown,1.5682397589196513,225.36582307187538
225.34270246429742,10.3951992093848,healthy,1.2903681221946703,225.34270246429742
232.41962271566035,14.150521745250531,healthy,0.8075309998188095,232.41962271566035
210.86719755342202,8.621624363820864,healthy,-0.9732423133725336,210.86719755342202
212.75082167486968,13.4719276063305,healthy,0.35918304919208,212.75082167486968
224.37712470759027,10.395821566925296,healthy,0.5679417430751318,224.37712470759027
219.87168879665577,8.697163992771102,healthy,-0.6986048355960544,219.87168879665577
233.14247332595275,9.032228331891357,healthy,-0.8705171058476889,233.14247332595275
220.91975924478788,9.35930538361136,healthy,1.70501414720703,220.91975924478788
,10.848331892803833,healthy,-0.30080331221692885,
244.65648768921554,11.045670976071,healthy,1.6149768189111484,244.65648768921554
227.74223699513465,8.852599992122842,healthy,0.9970937554945338,227.74223699513465
230.67528204687923,9.951290815478034,healthy,0.40787678237532143,230.67528204687923
215.75251813786542,14.284540717223727,healthy,0.4525314363594847,215.75251813786542
224.55617275474816,13.455086340201422,healthy,-1.4004195603307676,224.55617275474816
231.10922589709867,10.872647339348065,healthy,0.20677477983441644,231.10922589709867
218.49006422577696,10.0760069563364,healthy,1.4170204129816264,218.49006422577696
233.75698018345673,10.240062653436523,healthy,0.681339503185609,233.75698018345673
223.99361310081196,11.227035945460834,healthy,0.1543366870644103,223.99361310081196
227.08306250206724,7.954414869603189,healthy,1.71193719581703,227.08306250206724
223.98293387770602,9.48524692515331,healthy,-0.18504072266080399,223.98293387770602
248.52278184508938,6.662831852244821,healthy,-0.6195556750216844,248.52278184508938
229.86502775262065,10.798446245210558,healthy,0.153831916078257,229.86502775262065
219.42289071044098,11.294391879405483,healthy,0.766467368111596,219.42289071044098
238.2254491210319,9.033627075401252,healthy,-1.717794095808261,238.2254491210319
217.79156350028978,13.147973526580065,healthy,0.2848686434904174,217.79156350028978
232.08863595004755,7.548468673995318,healthy,0.8103450155363101,232.08863595004755
210.40329876120225,7.07125023958036,healthy,-0.2696416252968609,210.40329876120225
216.7181395110157,10.448903637119944,healthy,1.1069647663026416,216.7181395110157
231.96861235869125,12.094196605224308,healthy,0.6411866624110701,231.96861235869125
237.3846657999541,13.367855382915737,healthy,2.141383118511077,237.3846657999541
231.7136828118997,9.08223147426212,healthy,-0.7506028975812151,231.7136828118997
228.8435171761176,12.157361666862592,healthy,0.8307098504960894,228.8435171761176
226.98896304410712,9.922983060998586,healthy,-1.0173239077974048,226.98896304410712
215.21478009632574,9.65474540011836,healthy,-1.615366451276726,215.21478009632574
222.8015579160529,11.767319874973344,healthy,-2.035530842817873,222.8015579160529
225.39361229040213,11.30464575682684,healthy,0.5383240223969266,225.39361229040213
240.57122226218917,6.847215686031501,healthy,0.18424791394410256,240.57122226218917
233.43618289568462,12.953080699451792,healthy,-0.4790510573617538,233.43618289568462
212.36959844637266,12.760182708294902,healthy,-1.773504333949613,212.36959844637266
233.24083969394795,8.748874596980942,healthy,-0.6903866261386762,233.24083969394795
226.14917719583684,10.791607066874818,healthy,0.004093007675456265,226.14917719583684
223.2307799969404,10.988060372565478,healthy,0.7931693667930979,223.2307799969404
236.1167628884087,10.521347531647814,healthy,-0.01653575024762565,236.1167628884087
240.30999522495952,8.89938969230916,healthy,0.25206034270527783,240.30999522495952
239.31280119116198,8.656753264123896,healthy,-0.3761323809741358,239.31280119116198
221.60782476777362,9.94889185801711,healthy,1.7492242025271545,221.60782476777362
226.90787624148786,12.345458038518728,healthy,-1.0182496443282278,226.90787624148786
233.31263431403565,,healthy,-0.6992382172851277,233.31263431403565
239.7554512712236,9.258771335827788,healthy,-0.49235807399351306,239.7554512712236
225.2082576215471,11.543397421296689,healthy,0.542704397976724,225.2082576215471
228.14341023336183,4.302914758739849,healthy,-1.0388597897868805,228.14341023336183
218.9366502599397,12.297531400744207,healthy,0.13571859054799862,218.9366502599397
218.0379337591933,6.5205724424438,healthy,0.16491014342655733,218.0379337591933
238.12525822394198,9.275118117193736,healthy,-0.69435797073338,238.12525822394198
243.56240028570824,7.760660210747712,healthy,0.3299794609568569,243.56240028570824
229.27989878419666,7.410637048558188,healthy,-1.0078138987374312,229.27989878419666
,12.32165357475704,healthy,-1.117074142461746,
233.61636025047633,9.064597597376217,healthy,0.09960575652144064,233.61636025047633
223.54880245394875,10.69300776346143,healthy,-1.6597555854780628,223.54880245394875
233.61395605508415,9.906158842241632,healthy,-2.144802702550238,233.61395605508415
245.38036566465968,10.954081654446243,healthy,0.5328333007968004,245.38036566465968
,10.153643782120511,healthy,1.0489699425911703,
245.64643655814007,7.434015551622861,healthy,-0.4668031186925292,245.64643655814007
203.80254895910255,11.99253363889428,healthy,-0.6680706520977705,203.80254895910255
238.21902504375223,9.012486833677375,healthy,1.0055352259745598,238.21902504375223
230.87047068238172,6.886836202680498,healthy,-1.14553821799892,230.87047068238172
227.00992649534132,9.143769678068175,healthy,-1.3633726247211584,227.00992649534132
230.91760776535503,13.00151958126862,healthy,0.7076364237084876,230.91760776535503
210.12431085399106,11.700443484226986,healthy,0.0090381865123073,210.12431085399106
227.80328112162488,9.302695731184281,healthy,1.0648767392902379,227.80328112162488
233.57112571511746,9.301484591363142,healthy,-2.140265878777979,233.57112571511746
244.77894044741515,9.356729897565234,healthy,-1.400673991118563,244.77894044741515
224.81729781726352,14.153495967121682,healthy,0.0143320598441565,224.81729781726352
221.91506397106812,10.763870904463106,healthy,0.41767369848378655,221.91506397106812
224.98242956415464,10.86008329438214,healthy,0.8469970876894585,224.98242956415464
239.15402117702075,12.060566908063684,healthy,0.17481776880877767,239.15402117702075
233.28751109659686,10.477578318053027,healthy,0.16465515535856898,233.28751109659686
224.7023979623296,9.481915708358594,healthy,-0.3894015430301985,224.7023979623296
235.13267433113356,9.607300301830044,healthy,1.5909049049045176,235.13267433113356
230.9707754934804,9.856797481171872,healthy,-1.1030234554704978,230.9707754934804
239.68644990532889,9.925555526980316,healthy,0.3590201525559389,239.68644990532889
222.97946906122647,11.45525908727396,healthy,-0.9878088345880198,222.97946906122647
226.72337853402232,10.103891771614599,healthy,0.5347785458050096,226.72337853402232
226.0789184686784,11.46528015443116,healthy,-1.0370175693877663,226.0789184686784
215.36485051867882,9.838566839782835,healthy,0.7438156985004581,215.36485051867882
232.96120277064577,10.15727038063218,healthy,0.11210494682451708,232.96120277064577
,6.003598630935785,healthy,1.7446391732586815,
230.05113456642462,11.832655349404963,healthy,-0.2810196472715856,230.05113456642462
227.65412866624854,10.692976951795986,healthy,0.42496611624754527,227.65412866624854
215.84629257949587,11.996020219719304,healthy,-0.7796562804607097,215.84629257949587
338.6903201585196,12.622467730837865,healthy,-0.2878930064412945,225.79354677234642
226.5728548347323,14.176749409561456,healthy,0.10574947944435283,226.5728548347323
221.9772273077838,9.720820743689652,healthy,-1.527219922471374,221.9772273077838
228.38714288333992,12.216365633475032,healthy,-1.417623934184772,228.38714288333992
234.04050856814538,7.920188145748938,healthy,0.5998592998356451,234.04050856814538
248.8618590121053,11.22554781012514,healthy,-0.1460868215316796,248.8618590121053
231.7457781283184,7.893168873652687,healthy,-0.5929265330480219,231.7457781283184
232.57550390722764,8.75246207860839,healthy,-0.7369861804167557,232.57550390722764
229.25554084233832,13.828062707733572,healthy,-0.6984887957236937,229.25554084233832
210.8122878470096,9.618635198473307,healthy,0.11255071500822862,210.8122878470096
229.73486124550783,10.434865746359446,healthy,0.4450358641161897,229.73486124550783
230.60230209941025,11.740135461377509,healthy,-2.092107229625224,230.60230209941025
254.63242112485287,10.99136377594521,healthy,1.412834056769892,254.63242112485287
228.07639035218878,10.300837810287153,healthy,1.3417007629419926,228.07639035218878
233.01547342333612,10.729922004932451,healthy,-2.3306547635468995,233.01547342333612
229.65288230294757,14.80683117047655,healthy,1.0859266963227974,229.65288230294757
218.31321962380468,9.884762405932829,healthy,1.0552188513310425,218.31321962380468
241.4282281451502,10.402198093429934,healthy,0.0004454941875451166,241.4282281451502
237.51933032686773,12.101308792015224,healthy,-1.2971686218848764,237.51933032686773
237.91031947043047,12.211051865915968,healthy,1.0152280916650722,237.91031947043047
220.9061254520526,12.374060611120761,healthy,-0.24123106629735142,220.9061254520526
244.027943109361,11.27746044405837,healthy,0.5488788438189564,244.027943109361
215.9814893720772,7.713990174539033,healthy,2.2192012719617784,215.9814893720772
235.8685709380027,13.266863064602191,healthy,0.2518367506236188,235.8685709380027
251.90455625809977,7.707309213962624,healthy,-0.9168846917185619,251.90455625809977
220.09463674869312,10.605270930478067,healthy,-0.3357309949197217,220.09463674869312
224.33702270397228,8.491448299961284,healthy,-0.7894453602409877,224.33702270397228
230.9965136508764,9.871723306814015,healthy,0.4334897174485225,230.9965136508764
224.96524345883802,10.65752482060696,healthy,-0.8060675587498047,224.96524345883802
214.49336568933867,10.642714430900547,healthy,-0.47285142234964317,214.49336568933867
230.68562974806028,10.84384150847057,healthy,-1.2844303744075998,230.68562974806028
219.37696286273896,13.227422538117294,healthy,-0.13208700551914349,219.37696286273896
,10.907068603027959,healthy,0.1767547933020496,
220.80575765766196,9.511686729418702,healthy,-2.6847880471174923,220.80575765766196
245.4993440501754,11.928174336576715,healthy,0.2595735614802209,245.4993440501754
222.16746707663762,12.37894097784928,healthy,-0.045700231096779335,222.16746707663762
226.77938483794324,7.544784369726015,healthy,-0.7649919487561274,226.77938483794324
238.1351721736967,11.194800139699716,healthy,2.028628924269873,238.1351721736967
217.69135683566046,11.402345484621797,healthy,0.9584765276047547,217.69135683566046
232.2745993460413,9.404872993280016,healthy,-1.0964024861514015,232.2745993460413
243.07142754282427,12.75141362662324,healthy,0.8382368795711403,243.07142754282427
213.92516765438774,9.699888825934947,healthy,1.2444980760210578,213.92516765438774
231.84633858532305,10.251152906943085,healthy,0.1320209226175572,231.84633858532305
232.59882794248423,9.65385635143226,healthy,0.36144203694732535,232.59882794248423
237.8182287177731,10.031158095162935,healthy,0.33834666692159093,237.8182287177731
217.63049289121918,7.807449826209597,healthy,-2.0858158589232887,217.63049289121918
216.79543386915725,,healthy,-0.18686959685039925,216.79543386915725
235.21941565616896,13.189010126449944,healthy,-0.23891284198402865,235.21941565616896
232.96984673233186,8.306077303363345,healthy,1.4301556365598782,232.96984673233186
232.50492850345876,8.017215301087386,healthy,0.33372786356187306,232.50492850345876
233.46448209496975,5.69321977279257,healthy,-0.2976109621166948,233.46448209496975
223.1997527842151,8.722076504620995,healthy,-0.09012474099101125,223.1997527842151
,7.353820413185003,healthy,1.0233855816274011,
232.93072473298682,13.284030320272738,healthy,-0.1845846632453155,232.93072473298682
222.85648581973632,12.01963417868527,healthy,-0.6981955330916091,222.85648581973632
248.65774511144755,8.623699309644552,healthy,-0.2757021929208664,248.65774511144755
234.73832920911786,14.504871610688618,healthy,0.9406961438226822,234.73832920911786
218.08696502797352,11.963530973983188,healthy,0.4961649055979363,218.08696502797352
236.56553608633828,9.350337232982755,healthy,0.04426797334911382,236.56553608633828
220.2531832977268,5.001188570252854,healthy,0.19153929944483014,220.2531832977268
237.8708460374245,14.581885145181484,healthy,-0.559742473595482,237.8708460374245
241.58595579007405,7.220855066472808,healthy,-0.19394940044265363,241.58595579007405
,6.709202506086216,healthy,-0.6633043217745173,
239.6337612924432,12.045140864019281,healthy,-0.29477928429974354,239.6337612924432
234.12780926936497,,healthy,1.3461782636266248,234.12780926936497
238.2206015999449,12.768545637021036,healthy,-1.07787181137719,238.2206015999449
248.9679298265395,11.12781824010472,healthy,-0.688717666422915,248.9679298265395
227.54611883997129,11.189508683330573,healthy,-1.2542988629357519,227.54611883997129
222.46263835642512,11.706831117560615,healthy,-1.4709087571875983,222.46263835642512
221.10485570374476,11.51785717957353,healthy,-0.18677191419529146,221.10485570374476
221.84189715034563,10.562382847938752,healthy,-0.6176091818007866,221.84189715034563
229.22898290585897,10.208402207903752,healthy,1.7616889307921924,229.22898290585897
233.41151974816643,9.874813744200955,healthy,-0.2828465461777933,233.41151974816643
232.76690799330018,8.492070822266648,healthy,1.2893968634300244,232.76690799330018
238.27183249036023,,healthy,0.9680064749406335,238.27183249036023
230.13001891877906,6.614086371609229,healthy,-0.2089541552240141,230.13001891877906
244.53534077157317,9.8033207464105,healthy,2.110135582085623,244.53534077157317
227.35343166762044,8.022817785698166,healthy,0.26853398646480875,227.35343166762044
257.2016916658962,7.792821365568458,healthy,1.5130092660039889,257.2016916658962
236.25667347765005,10.359788302306956,healthy,1.3965968915812639,236.25667347765005
221.42842443583717,12.784004572689199,healthy,0.4146479851047827,221.42842443583717
219.29107501938887,11.836633212004626,healthy,0.7511308478058506,219.29107501938887
234.82472415243186,6.8589987927536455,healthy,0.6240714151194757,234.82472415243186
227.7653721467415,8.020743726859324,healthy,-1.144261431391708,227.7653721467415
237.14000494092093,11.881542375976432,healthy,0.05729035445301627,237.14000494092093
234.73237624573545,8.035025212923381,healthy,1.0742472339446603,234.73237624573545
229.27171087343126,9.550733700005951,healthy,1.5261863173616617,229.27171087343126
221.53206281931594,11.100104198049104,healthy,-0.7206396718319498,221.53206281931594
214.85152775314134,8.06331109027273,healthy,0.5288313018130198,214.85152775314134
225.53485047932978,10.21075101229192,healthy,0.1508702132775345,225.53485047932978
238.56398794323474,7.331949010163591,healthy,-0.11787406458159562,238.56398794323474
232.14093744130204,8.797264712097572,healthy,0.35600262922502623,232.14093744130204
217.54261221288013,10.639563868285073,healthy,0.21799741066613734,217.54261221288013
231.73180925851182,6.814012532936662,healthy,0.5414075688725882,231.73180925851182
233.85317379728838,10.880949475920797,healthy,1.441716760950052,233.85317379728838
221.16142563798866,9.960724402146637,healthy,0.7841275908647004,221.16142563798866
231.5372510594553,11.104979908834295,healthy,0.31059125887270267,231.5372510594553
230.58208718446,10.447828268129323,healthy,1.8646250568230789,230.58208718446
218.57029702169376,12.728280859947688,healthy,1.109929595880336,218.57029702169376
233.57787360348283,10.250449005295815,healthy,-0.09239843860334836,233.57787360348283
235.60784526368235,9.141188917749494,healthy,-1.2171204023529052,235.60784526368235
240.83051243175277,10.244595006064568,healthy,-0.9878306809204656,240.83051243175277
,11.086596058072775,healthy,0.9332324483156341,
216.2233063204291,10.09772014065141,healthy,-0.6303124792529813,216.2233063204291
220.62174960084877,10.081183382407765,healthy,-1.008055477111948,220.62174960084877
235.1503526720866,8.59601662438649,healthy,-0.7580853266871995,235.1503526720866
235.13785950912208,8.674198164898105,healthy,-0.6873843120907001,235.13785950912208
235.15047686306048,7.194789456400613,healthy,0.850647667782251,235.15047686306048
402.7909723598208,40.49746045912163,healthy,-0.15674207578227609,268.5273149065472
235.70890510693167,7.512273529217429,healthy,-1.3723746002994057,235.70890510693167
241.355656401806,8.614189604408185,healthy,0.031044897762356697,241.355656401806
239.540017634932,8.563185468861604,healthy,0.22226613244824175,239.540017634932
236.513912513058,11.789848753888883,healthy,-0.47933686144085164,236.513912513058
226.84730755359655,9.410100643415944,healthy,1.1558850841927,226.84730755359655
237.58969220493267,12.495484145347469,healthy,-0.42093888569228466,237.58969220493267
222.2717478546243,8.653018751512263,healthy,1.1083376866371504,222.2717478546243
227.63181393259993,10.557988324447605,healthy,0.5967827796749764,227.63181393259993
,8.329305893480486,healthy,0.9266055080444071,
230.81874139386323,14.290298255546777,healthy,-1.0985508408063949,230.81874139386323
253.1465856667351,7.624803161940974,healthy,0.09831019223810258,253.1465856667351
211.32734807408252,10.619641420454055,healthy,-0.05282800457476905,211.32734807408252
236.86260190374514,11.267553761864196,healthy,-1.422006524907533,236.86260190374514
213.87284128810347,10.827598194902997,healthy,1.1050607298029094,213.87284128810347
225.28068134210565,9.629424682244583,healthy,-0.8174008969073498,225.28068134210565
240.88950596967365,9.740358600533147,healthy,-0.6095678288359828,240.88950596967365
230.64280019095463,10.08762294395822,healthy,-1.0133158355977259,230.64280019095463
219.22255222070694,9.705995996743022,healthy,0.7011863260703732,219.22255222070694
222.84696290740033,11.92775823358982,healthy,-1.5259297187725958,222.84696290740033
236.79597748934677,14.421046003182703,healthy,0.6178748004645681,236.79597748934677
222.69633368282862,8.885016429984333,healthy,1.0445139862434607,222.69633368282862
232.16458589581976,7.260394040841844,healthy,0.5371784276257605,232.16458589581976
230.45571839903815,9.82343590329749,healthy,0.712628483846429,230.45571839903815
223.48399652394184,15.159418675308636,healthy,0.7595464695780427,223.48399652394184
251.43944089325325,8.392650864060538,healthy,-0.9494243267257642,251.43944089325325
236.3391902231801,13.278233610888135,healthy,1.434734979664344,236.3391902231801
209.74857413342392,,healthy,-0.4600762541334986,209.74857413342392
231.86454314769426,8.892823516584011,healthy,-0.06638761758997193,231.86454314769426
223.3821353523161,11.137966158370551,healthy,-0.33263731835095905,223.3821353523161
238.52433334796223,13.256793246257075,healthy,0.4915421208773093,238.52433334796223
222.074792615673,9.241744518025026,healthy,-0.5380372431374223,222.074792615673
228.852635585331,9.592839279795276,healthy,0.06691572423736862,228.852635585331
235.04987278980457,8.836638172102713,healthy,-1.235343817146005,235.04987278980457
238.65755194170123,7.970486538614266,healthy,1.1646652085015716,238.65755194170123
217.99703592944223,8.701444909867986,healthy,0.6707409459502034,217.99703592944223
226.6549876415905,7.552119466475487,healthy,-0.2922597619017695,226.6549876415905
225.25054688839043,10.068166936518452,healthy,-0.4691490300258103,225.25054688839043
223.4667076742629,,healthy,0.6446282463176967,223.4667076742629
247.65454240281096,10.467571823581496,healthy,-0.7072933806359618,247.65454240281096
234.04981710960956,6.888208707592746,healthy,0.12536531576516902,234.04981710960956
217.39116045664954,10.661760464428914,healthy,1.161398787431406,217.39116045664954
239.17861947054777,11.667057923217849,healthy,-0.8112571191371925,239.17861947054777
251.22156197012634,6.012528714857089,healthy,0.36860082912020287,251.22156197012634
240.32465260551146,10.748113139695144,healthy,0.31572526693549224,240.32465260551146
214.80630034045987,12.455337984946585,healthy,-0.09733681866268276,214.80630034045987
225.15765927133748,7.580717962617589,healthy,-0.5037895841039367,225.15765927133748
242.66911149186623,13.345144773675408,healthy,1.214797056894385,242.66911149186623
,10.83803801873209,healthy,-0.5975686357669662,
234.43819428146227,8.589976288483182,healthy,-1.81203890112962,234.43819428146227
237.74634053429338,9.888461844684588,healthy,0.6405335916310338,237.74634053429338
220.73069528421917,11.116653825043445,healthy,-1.201303349767834,220.73069528421917
229.404746439382,10.152010782824822,healthy,0.6918811448550872,229.404746439382
197.58732659930928,11.077511984892737,healthy,1.3349032478434442,197.58732659930928
219.7561235866571,8.158652813841268,healthy,0.6297498783986742,219.7561235866571
227.4743184860684,10.338721648072156,healthy,1.0714113018874913,227.4743184860684
217.5221681803515,7.17257100619004,healthy,2.020049106929647,217.5221681803515
246.32411303931636,9.777547877302599,healthy,0.9667604626089467,246.32411303931636
215.69858622039368,8.19218471707042,healthy,0.3305733926254358,215.69858622039368
225.59955513303015,8.528940114820466,healthy,1.633948183523648,225.59955513303015
231.3074057728609,12.472186350420875,healthy,1.7547755448465847,231.3074057728609
244.41273289066115,12.182620241188538,healthy,1.7687717832594205,244.41273289066115
215.64137848820562,11.218276241814355,healthy,-0.4921435151960026,215.64137848820562
241.6316375215496,7.815374470654842,healthy,-1.354018358498404,241.6316375215496
230.10233061019588,9.367183100610395,healthy,-0.5531921834348867,230.10233061019588
220.18491348952048,12.426195399958367,healthy,0.7036416157931751,220.18491348952048
234.6210347426327,10.28343382727981,healthy,0.15915894533210567,234.6210347426327
231.9905969557347,14.63865907996339,healthy,-0.20648098517684707,231.9905969557347
223.99783122841205,10.786635678788743,healthy,0.5604813988049354,223.99783122841205
230.6980208499002,10.384098232980064,healthy,-1.4708050816732672,230.6980208499002
226.1468640313824,9.381767071594997,healthy,0.1411692986915413,226.1468640313824
231.13517345251248,10.267081809564564,healthy,1.118457644847877,231.13517345251248
236.62130674521046,9.695060327238913,healthy,0.5493156445582286,236.62130674521046
245.86016816145352,,healthy,0.6918098218337286,245.86016816145352
,11.913404633589169,healthy,1.5973727899525147,
251.33033374656267,8.4280210789841,healthy,-0.06614328487366697,251.33033374656267
210.47912200477498,7.337534092884444,healthy,-0.6530916613503364,210.47912200477498
228.48214904964416,6.327589253793407,healthy,1.189515042665042,228.48214904964416
235.88317206484575,11.015982653825088,healthy,1.171120631033927,235.88317206484575
232.80991867735034,7.793266787652253,healthy,0.5582916747557968,232.80991867735034
223.77300480179406,5.694218814095034,healthy,-0.16037100058244824,223.77300480179406
227.91877749642725,10.777157209061928,healthy,0.0013796510079850618,227.91877749642725
225.06999065341168,14.985999034865582,healthy,-1.2767729521310867,225.06999065341168
224.10635243055788,9.987858176920213,healthy,1.1129465302072028,224.10635243055788
238.49602097021025,11.676981548903283,healthy,1.0776513095291436,238.49602097021025
233.57015485965047,10.16365871709513,healthy,-1.3116827504667838,233.57015485965047
223.07090404739347,9.802220693617715,healthy,0.8676320839061359,223.07090404739347
238.9959987543325,11.838152965975537,healthy,0.40410165500900846,238.9959987543325
233.0729952087661,9.419450911622697,healthy,-1.0219741103907962,233.0729952087661
238.12862118838962,10.534784628143806,healthy,-1.2060002010724695,238.12862118838962
236.29628841923613,10.643395612392027,healthy,0.3734932694017224,236.29628841923613
221.7100498907793,8.663819092713902,healthy,-0.3977041139069179,221.7100498907793
224.3981895980303,11.984084699073046,healthy,1.8199488505496704,224.3981895980303
237.4729360512326,9.650080486609182,healthy,0.9525983946489063,237.4729360512326
236.10370265433465,8.48850968101431,healthy,0.47369313673222746,236.10370265433465
229.7909840603585,11.073019687140807,healthy,0.5230790040023944,229.7909840603585
231.17327383308782,8.203064036417926,healthy,1.3308671803671674,231.17327383308782
242.77664895788425,10.056362314738257,healthy,0.8465180917273377,242.77664895788425
224.0842861116417,9.981762006711593,healthy,0.4997664384960225,224.0842861116417
235.4709738117004,,healthy,-0.98026117629751,235.4709738117004
227.97807347566106,10.949396465759905,healthy,3.061946965406219,227.97807347566106
227.8231879677278,9.949946082509712,healthy,-1.1031827573082331,227.8231879677278
240.9877685198719,11.635532598400575,healthy,-0.3125427371001645,240.9877685198719
238.25416348988028,12.780415098034627,healthy,-1.6547282764099975,238.25416348988028
238.13509636000637,11.115620612703724,healthy,0.5387981587692622,238.13509636000637
243.0547880715433,,healthy,0.15111043728480744,243.0547880715433
230.2100384163276,7.376327535299681,healthy,0.76527643836476,230.2100384163276
236.81952971294965,7.869772673849255,healthy,-1.739065631104434,236.81952971294965
226.89733243406545,9.389550591290664,healthy,1.1129056673809317,226.89733243406545
233.24166352488442,8.780975595681433,healthy,-0.8074354014696146,233.24166352488442
228.69856945632316,9.626057394029107,healthy,-0.14900519936386536,228.69856945632316
230.96995964992718,10.113299849794215,healthy,0.9315712686810645,230.96995964992718
235.95157025436913,11.059385508713461,healthy,0.2612666841318994,235.95157025436913
221.8177931676653,9.859002443881817,healthy,0.3319425566668639,221.8177931676653
250.9238727568546,10.973003287652404,healthy,0.7991788199053993,250.9238727568546
219.93982618500297,10.12894882962024,healthy,0.4287906399387243,219.93982618500297
,6.049066867292257,healthy,-0.3411079025487173,
241.58110873500067,8.121329212362491,healthy,-0.1664691282352289,241.58110873500067
237.91662693962937,9.71182488855677,healthy,0.21187867865182275,237.91662693962937
236.24119817052156,7.580610514317785,healthy,-0.8955560935463348,236.24119817052156
236.2834550926428,11.199857459992408,healthy,0.9960086593886697,236.2834550926428
229.87753227153087,13.061501664687395,healthy,0.2886539308074841,229.87753227153087
221.02745628514168,12.437523703394634,healthy,0.07477626792196859,221.02745628514168
230.75804558193727,9.573114258139585,healthy,1.192496559031471,230.75804558193727
223.2283828848789,12.981452273699905,healthy,-0.12011364321136973,223.2283828848789
239.7511973341775,10.297334914404223,healthy,-0.182420997152417,239.7511973341775
228.5294261849786,9.325828057763921,healthy,-0.4846287640039644,228.5294261849786
221.74502803207488,8.77319467291812,healthy,0.3430670089259352,221.74502803207488
226.78614158347006,9.395060627023744,healthy,0.30845010833151476,226.78614158347006
234.12931454275625,9.223646362917542,healthy,-0.6662842005099068,234.12931454275625
224.36275447196024,10.340832444750976,healthy,-0.17769397711340018,224.36275447196024
221.77779604433567,10.32114796209973,healthy,-0.659602268519233,221.77779604433567
232.4368721149191,10.006092040306829,healthy,-0.7048684538154905,232.4368721149191
232.44966571108722,10.8738763394927,healthy,-1.729897831726847,232.44966571108722
224.93056824628871,12.381292549572683,healthy,-0.23091025368155538,224.93056824628871
225.28961694381678,11.899108270882648,healthy,-1.7022132660800113,225.28961694381678
232.32049937357635,7.030204063100193,healthy,-0.4628156863395111,232.32049937357635
215.51915658502676,4.89215773019609,healthy,-0.6126946458776085,215.51915658502676
215.92536225623445,11.868639822478547,healthy,1.0518950572656043,215.92536225623445
222.81555778747565,7.266242603169157,healthy,-1.0149348063096417,222.81555778747565
227.86552848288153,9.550469196214634,healthy,-0.7611863848144755,227.86552848288153
233.10907565598004,7.6597739478812805,healthy,-0.3815241391915724,233.10907565598004
244.75356216949552,,healthy,-0.580143651502776,244.75356216949552
238.5765962320202,11.082925456409576,healthy,1.369254797421876,238.5765962320202
228.40061470036574,11.518310320605293,healthy,-1.1385673730496195,228.40061470036574
229.8098379209731,8.846979198546562,healthy,-0.37940449898584194,229.8098379209731
219.9747063536219,4.81791541571018,healthy,0.3320652491644065,219.9747063536219
229.8148686400761,8.907511103495034,healthy,0.8811833430420066,229.8148686400761
227.1134136107986,10.783608010805093,healthy,-0.38024155593020326,227.1134136107986
233.2271856033809,7.0421768624517425,healthy,-1.9180996005037925,233.2271856033809
221.72769056447677,10.36671983955831,healthy,-0.15010422158550477,221.72769056447677
235.19346514241172,9.96938030165401,healthy,1.3520284761807149,235.19346514241172
245.32738913002578,11.158582999202176,healthy,0.282187407430427,245.32738913002578
228.91239851543142,10.239160736828307,healthy,0.23641786235993267,228.91239851543142
234.0171172209894,8.05386211823689,healthy,-1.0630179915769966,234.0171172209894
236.90143991711113,12.393143003328984,healthy,-1.1656715902886647,236.90143991711113
225.98779528114164,9.68294085394606,healthy,0.01804164863409918,225.98779528114164
232.24092481810416,9.945390920980136,healthy,-1.4263789222814078,232.24092481810416
230.12592400781796,8.133464081853608,healthy,0.7813622223625104,230.12592400781796
230.9767609854883,9.11343549761698,healthy,-0.8466462488663622,230.9767609854883
,8.230394571946198,healthy,-0.02465728073149379,
230.24510174258944,9.654107880153154,healthy,-1.885766918754242,230.24510174258944
234.9799829124545,13.423416960284687,healthy,-0.3938018684435067,234.9799829124545
244.5114360779504,7.256197714137287,healthy,-1.185860547130203,244.5114360779504
239.59270826085208,6.772877204246518,healthy,-2.3219564173418106,239.59270826085208
251.53182457511556,12.942340654987216,healthy,0.5418420893363174,251.53182457511556
222.32652437111952,9.581352645696267,healthy,1.6411595390915734,222.32652437111952
238.72320636720679,8.661854522680168,healthy,1.1294735893439463,238.72320636720679
231.8334200573835,12.079809374792152,healthy,0.6816906899038048,231.8334200573835
251.89802933217672,8.788768920526271,healthy,-0.4141211679455457,251.89802933217672
221.91701714644847,13.652019427093872,healthy,0.8058902285478261,221.91701714644847
221.60278157819224,11.355851742678539,healthy,1.223853198573728,221.60278157819224
224.0060735455598,9.024177183708595,healthy,0.13682182967129333,224.0060735455598
208.76104275690193,14.314616426531007,healthy,-1.1843601723120227,208.76104275690193
224.7424497831924,8.788570153993323,healthy,-0.49938429859137107,224.7424497831924
222.40867338446301,11.484190744018614,healthy,1.7026964883479363,222.40867338446301
231.50393786476207,10.598585160812984,healthy,-0.07474416815016639,231.50393786476207
233.41755975777158,,healthy,-3.324755719911096,233.41755975777158
248.76170839215885,13.123022393453706,healthy,-1.4689234636701936,248.76170839215885
239.5042383818605,10.064008298131533,healthy,-0.42444870314248145,239.5042383818605
224.23096344337597,8.493164259307633,healthy,1.0358252384175684,224.23096344337597
221.01585328651643,10.919944285878232,healthy,-0.2731223524069119,221.01585328651643
234.91919171506507,8.644569260495787,healthy,1.0544316549732602,234.91919171506507
216.7976679297936,14.026774495053246,healthy,-0.5261623535474892,216.7976679297936
248.31458765854353,10.273070662165475,healthy,-1.9642925222356131,248.31458765854353
241.79440120721287,9.269356897375783,healthy,-0.4915611585980846,241.79440120721287
225.30824347895296,10.369360611729817,healthy,0.34494500154628505,225.30824347895296
212.86865470909123,7.305747420940607,healthy,0.2619503493413132,212.86865470909123
243.53872374165414,8.056771922978697,healthy,-1.2551077492566356,243.53872374165414
228.85460154747383,12.400827815888851,healthy,-0.3511962018037653,228.85460154747383
242.3781631197346,8.686211442057209,healthy,2.6846742380640736,242.3781631197346
214.05572341205632,7.90617803463612,healthy,-1.2332688262968767,214.05572341205632
224.00624977046226,11.073305505054572,healthy,0.6607233944637488,224.00624977046226
230.05243699718184,,healthy,-2.0966756985697956,230.05243699718184
230.4698059376474,11.437906621330134,healthy,0.863791824569662,230.4698059376474
225.49934528520757,11.992095371611633,healthy,-0.8923253901884467,225.49934528520757
354.34274898521244,25.45922946858324,healthy,0.40208825820294014,236.22849932347498
219.32379570617405,7.1563786665163125,healthy,-1.2915256017682013,219.32379570617405
228.57620514978706,13.002667303910973,healthy,0.2908528001767071,228.57620514978706
231.20295631711897,9.354640322315728,healthy,-0.9086502957414381,231.20295631711897
235.14438834058748,9.498333967089906,healthy,-0.7150481829666253,235.14438834058748
237.1161487808889,12.656388283698115,healthy,0.44198600639503066,237.1161487808889
218.7535790816213,11.11246001880132,healthy,-0.4303854763970162,218.7535790816213
214.65885829264377,10.911775544163214,healthy,0.3803814482163112,214.65885829264377
,14.330004689802168,healthy,-0.19084131864335074,
233.3231401197959,8.712963539239714,healthy,0.06749368124727499,233.3231401197959
222.51513463443447,11.855680256162474,healthy,0.44508647135340157,222.51513463443447
245.51151975522524,10.114026249794168,healthy,-0.3500184545911409,245.51151975522524
231.15674634292859,10.537184557726514,healthy,-0.9960497860017741,231.15674634292859
241.79297184063827,13.056936852825064,healthy,-0.5323122659297901,241.79297184063827
,11.015671512579248,healthy,1.1951391798334359,
250.60747924881986,11.076592158099267,healthy,0.11617308407654969,250.60747924881986
247.55340842443204,12.145014674619604,healthy,-0.8448984534104736,247.55340842443204
227.51035851520928,9.27009454091423,healthy,0.4015606083877186,227.51035851520928
239.71570950954356,8.321580665321987,healthy,0.4683155849391383,239.71570950954356
236.45375949585147,7.910381611957932,healthy,0.5199990757978105,236.45375949585147
243.68631557532348,6.067286821247997,healthy,-0.9778372003712856,243.68631557532348
220.35076539419896,14.112414259880644,healthy,-0.682390994285895,220.35076539419896
236.86051459998438,7.793583268556634,healthy,-0.6768292163870117,236.86051459998438
240.5842448684959,9.557492752828455,healthy,-0.3606479120661918,240.5842448684959
212.41260513576884,9.446373400222159,healthy,0.5389191851437345,212.41260513576884
218.16741487334224,10.614813395618201,healthy,0.2961848047310136,218.16741487334224
209.607678222399,11.631474425078594,healthy,0.3752169571571625,209.607678222399
227.30593165555442,11.72094697671949,healthy,1.354019142371523,227.30593165555442
237.17542255795962,8.833845122862122,healthy,0.6888909324916298,237.17542255795962
245.02357052096028,9.665756572427178,healthy,-0.1418016249960874,245.02357052096028
230.74094780419776,10.5651599009766,healthy,-1.1838851760524995,230.74094780419776
246.28615545571293,9.502617747632906,healthy,-0.7145470084708703,246.28615545571293
216.19898541785108,13.214691152039986,healthy,-0.26170506767822693,216.19898541785108
,10.981949903276503,healthy,0.8291298273361137,
229.44452301103382,11.469755572099634,healthy,-0.02733193410609337,229.44452301103382
233.84065448939307,11.325762537334825,healthy,-0.6561959548884432,233.84065448939307
229.67305251905907,12.34694771497065,healthy,-0.7328928857272259,229.67305251905907
209.32557899960125,,healthy,-0.06957820892122617,209.32557899960125
229.1087996048721,7.406336104088307,healthy,0.8899875622171,229.1087996048721
216.95530499495146,10.799375903505283,healthy,1.5910193057751172,216.95530499495146
236.6967254883004,8.697286212416342,healthy,-0.20576859802966765,236.6967254883004
233.66598246096848,8.942766636500487,healthy,-0.044743180762598096,233.66598246096848
220.60120213672644,11.172728037510186,healthy,-1.213941706157383,220.60120213672644
224.86133082663306,12.476566142867272,healthy,1.9391925690994662,224.86133082663306
219.40786478111048,10.042543153472124,healthy,-1.401002838156084,219.40786478111048
229.37320902726827,10.617666025197927,healthy,1.1716623117805505,229.37320902726827
,13.404429889270476,healthy,-0.3653359530124707,
220.14273953664457,10.481506358977137,healthy,-0.599366493840319,220.14273953664457
235.04046515517845,15.203366228360789,healthy,-1.1100035718859267,235.04046515517845
224.6974238162756,11.131019291263089,healthy,2.4100486494071336,224.6974238162756
222.07127167737656,6.478474481688364,healthy,0.2214916232783944,222.07127167737656
228.92969640045442,11.506683242209064,healthy,0.02128043710406337,228.92969640045442
219.64757677580627,10.762316769765555,healthy,0.8867323595545424,219.64757677580627
224.46350694652818,12.579505508165491,healthy,-0.6508327256299632,224.46350694652818
218.0212210741115,11.346362702539917,healthy,0.0018459552310057436,218.0212210741115
249.6472513291639,9.723088032032452,healthy,0.056336286812120925,249.6472513291639
230.3526355197173,7.551403527421268,healthy,-0.5121457323481332,230.3526355197173
223.00274492007415,9.581953485427949,healthy,1.199638079185914,223.00274492007415
232.1397991073422,8.2989590915814,healthy,-0.21865441149590414,232.1397991073422
228.8767195030917,8.838953100390555,healthy,-1.5531320533688295,228.8767195030917
227.79030400466777,11.17715680884122,healthy,-0.30149736352087375,227.79030400466777
236.14166700043424,13.339809008702812,healthy,0.24917867171389732,236.14166700043424
237.57507710047304,10.789343059645962,healthy,-0.8934932338876084,237.57507710047304
224.69498852389472,7.608233875929631,healthy,-0.8145947931704389,224.69498852389472
224.2418175935532,10.88920533644028,healthy,-0.5462590381260406,224.2418175935532
227.24948302848355,12.393262973291302,healthy,1.2212356600669605,227.24948302848355
206.98078835264414,8.780434191361236,healthy,-0.4871580226457061,206.98078835264414
214.8480893780145,9.731965666654165,healthy,1.429117018551031,214.8480893780145
243.66874267444524,10.029376389458394,healthy,-0.6149504381483357,243.66874267444524
246.44967713501285,8.43020337383552,healthy,0.3250141362565419,246.44967713501285
227.50963960443622,11.296560867687718,healthy,-0.44624267421975117,227.50963960443622
235.76556963055765,9.758103702784437,healthy,0.7540831702904721,235.76556963055765
233.11250154543535,10.839064887814056,healthy,-1.1182741545652792,233.11250154543535
260.7888080845524,8.2250156443958,healthy,0.7428594795772315,260.7888080845524
241.19574911434577,9.12508339935318,healthy,0.11386940030968377,241.19574911434577
228.72082408519233,11.444762715655543,healthy,-0.6399918167774491,228.72082408519233
220.44459559399576,9.254333695816467,healthy,-0.1662214847101506,220.44459559399576
,13.45392770246681,healthy,1.533854941032175,
232.03463635867223,9.200727628770796,healthy,0.13784450488078345,232.03463635867223
222.43649254715697,10.449369451503772,healthy,-0.7027280159126388,222.43649254715697
215.77746290402325,11.86518166374618,healthy,-1.2046932828281127,215.77746290402325
223.53427115757472,7.163268534133937,healthy,0.5054042734309971,223.53427115757472
219.18451996385605,6.478382376038448,healthy,0.19584524701068554,219.18451996385605
246.87141635072564,6.94868737085981,healthy,0.6950206950882235,246.87141635072564
238.8163975694945,12.525168206854364,healthy,-1.4622247396898422,238.8163975694945
229.92027358683382,8.896283708215107,healthy,-1.1722604528915,229.92027358683382
244.79944138890025,15.116398571336504,healthy,1.1468791992518994,244.79944138890025
230.77368307647617,8.871504802685223,healthy,0.3313416467793406,230.77368307647617
221.38715798671737,10.369102606394074,healthy,0.5334008512375619,221.38715798671737
245.23124077269657,,healthy,-0.9626870321079533,245.23124077269657
235.38910043684658,14.012185776318246,healthy,-0.9809871983289186,235.38910043684658
219.62753845673544,14.123007153272795,healthy,0.9912586581920886,219.62753845673544
228.0966132191639,12.416732461186285,healthy,1.0383776547651489,228.0966132191639
221.24381746615242,12.048125051622925,healthy,-1.0883194870290538,221.24381746615242
216.17200269035663,11.185053898402366,healthy,-1.2793704958528451,216.17200269035663
239.26177547531643,11.556722152333275,healthy,-0.1085929707124442,239.26177547531643
249.0941664047013,8.897628567342933,healthy,-0.7993484533760062,249.0941664047013
216.01432426180858,8.363602233155385,healthy,-0.8201768790460255,216.01432426180858
235.62969236690572,9.993251085178096,healthy,-1.2513782464273926,235.62969236690572
223.49357430878172,9.659630754950143,healthy,-0.46843384828036677,223.49357430878172
225.12874616235302,9.09354390134545,healthy,-1.154694742632866,225.12874616235302
224.07606075761132,11.39277489491343,healthy,-1.0954009030092366,224.07606075761132
221.36009230320184,11.910610417141022,healthy,0.2983918465663045,221.36009230320184
230.48521627944828,10.176813772583694,healthy,-0.05519823428737651,230.48521627944828
221.69049883588963,12.955060162110524,healthy,0.4848786815321318,221.69049883588963
232.7045682577984,7.71662177173299,healthy,-1.6490334353493064,232.7045682577984
229.49761890550863,9.612681081440563,healthy,0.009880609829763149,229.49761890550863
227.6105195313359,8.56635535879439,healthy,2.075637542165838,227.6105195313359
220.924363379584,,healthy,-0.3722724842855991,220.924363379584
224.23228669431668,9.834638628314602,healthy,0.8247490065722979,224.23228669431668
237.55391225825755,9.756504983233432,healthy,0.8160068487744233,237.55391225825755
235.0091718762438,13.026899486484261,healthy,0.8651986080012756,235.0091718762438
220.22444755201448,11.261623369109556,healthy,0.16666168705732284,220.22444755201448
230.99332305429226,7.95162635134159,healthy,0.5660859827442142,230.99332305429226
237.51387123371788,13.708185132668376,healthy,0.6990136200130055,237.51387123371788
213.3059471887863,12.442067391050706,healthy,0.6354460283143577,213.3059471887863
235.43360192379936,11.164195406937232,healthy,-1.1174181735133961,235.43360192379936
223.37376241054153,9.547031802300337,healthy,-1.7073844825439868,223.37376241054153
235.7059866859316,8.08112152655304,healthy,-1.553583543414807,235.7059866859316
222.36740843457483,9.255586447857894,healthy,-0.2701599923826637,222.36740843457483
211.9511789933548,12.177497239408371,healthy,0.5939267344226444,211.9511789933548
213.72457562116838,13.769172611869218,healthy,-1.1044112775115846,213.72457562116838
230.48084946661382,13.086487056544378,healthy,0.923970458584404,230.48084946661382
232.5972250172148,9.022301156427451,healthy,-0.5022751745078862,232.5972250172148
220.95683374895592,7.760765133421978,healthy,-0.4927552111940789,220.95683374895592
236.38592458777373,10.281772493822407,healthy,-0.8361069958796004,236.38592458777373
213.3847993773104,6.463121268874296,healthy,-1.8847863590162737,213.3847993773104
229.33920201352683,10.646335428369563,healthy,0.229314128434647,229.33920201352683
217.88983800237543,9.704794827402663,healthy,1.712667712838569,217.88983800237543
223.4816389219784,9.067926996263516,healthy,-0.06266452353256337,223.4816389219784
230.47398671316415,6.810593865466409,healthy,-1.8506316416948525,230.47398671316415
221.39586634716048,11.027200213139434,healthy,0.7803428116164461,221.39586634716048
226.15444455770174,8.934598320676177,healthy,-1.6247979901029892,226.15444455770174
240.0629280921444,7.6601663285794235,healthy,-1.2090343969891855,240.0629280921444
224.2310813047685,4.255475573436701,healthy,-0.23833817231357088,224.2310813047685
238.3569211206514,9.944970189898727,healthy,0.12284343854019797,238.3569211206514
218.70293145342382,13.544503193339487,healthy,-1.0086640011668284,218.70293145342382
235.29804177915284,13.32251842909574,healthy,-0.2773160565659805,235.29804177915284
244.415686206579,9.085807486827456,healthy,0.7151624007606846,244.415686206579
205.2835549987271,8.79557587927644,healthy,0.8521788848080184,205.2835549987271
222.03104744529523,10.937548512150048,healthy,1.2514564218142645,222.03104744529523
235.7707212718054,8.003229121623416,healthy,1.9094186522934937,235.7707212718054
227.96954613957007,10.603583799638931,healthy,0.8098893216611167,227.96954613957007
233.7114587337131,11.53216055676938,healthy,-0.2167365144042404,233.7114587337131
223.9601481328418,12.453866447768615,healthy,0.8593137911229725,223.9601481328418
230.865897874729,9.799691847040094,healthy,0.4667162340051821,230.865897874729
228.4432276460792,9.592652499646068,healthy,0.5063669775262545,228.4432276460792
241.67782061659807,,healthy,0.17721878507168543,241.67782061659807
232.54420843301213,8.34623929192028,healthy,-0.9120541021539065,232.54420843301213
233.37602662075201,9.547042216196946,healthy,-1.0280964078219301,233.37602662075201
225.88123033877534,10.734731013632356,healthy,-0.09711820107514263,225.88123033877534
225.12393775927507,11.827169252466499,healthy,0.14891007584637195,225.12393775927507
225.6744181218038,8.39364209863931,healthy,-0.679440922931713,225.6744181218038
233.94452142378296,12.985377137919043,healthy,0.4233419486085754,233.94452142378296
225.79015519179737,9.457752797914862,healthy,2.0807659040391893,225.79015519179737
232.89774856896412,9.957265411303128,healthy,-1.7443307192782576,232.89774856896412
250.75400798645438,8.505576641704353,healthy,0.5822444775637607,250.75400798645438
238.71124703431693,5.151519479454117,healthy,-0.0659746208908102,238.71124703431693
226.7397646783216,11.768090792722099,healthy,0.4506555553346548,226.7397646783216
242.01213922163944,11.473687794184867,healthy,-0.4307147004602912,242.01213922163944
225.91924626978448,9.437344885763574,healthy,-0.146059885047167,225.91924626978448
209.61875464822145,10.133981434449744,healthy,0.1295004510080991,209.61875464822145
219.91913689082597,11.0318784354082,healthy,-0.3016338835352606,219.91913689082597
211.29208078974145,6.874908286226915,healthy,-1.5205413173698987,211.29208078974145
226.48486515958692,8.94189464530741,healthy,-0.23391503064445315,226.48486515958692
230.18418379189552,11.588529359243655,healthy,-1.416433628196194,230.18418379189552
246.76437312275283,7.491421153661501,healthy,0.6531931105803095,246.76437312275283
233.26927373764164,10.587115864333258,healthy,-1.8655451010781223,233.26927373764164
227.80899471191137,7.28683639075319,healthy,1.0286543794558898,227.80899471191137
238.29405581183488,10.932859964867053,healthy,0.42956300020347943,238.29405581183488
207.88864690992114,9.928717035405032,healthy,0.4333886157338947,207.88864690992114
232.35614558108566,6.7697363681889815,healthy,-2.1643098678478396,232.35614558108566
237.70865193886968,12.329478708914342,healthy,-0.3285994380915563,237.70865193886968
215.21413754220157,8.530816846403901,healthy,1.1535634286598602,215.21413754220157
241.43754043206928,8.379495125971237,healthy,-0.5186079790302947,241.43754043206928
233.38496407494415,10.401138394461885,healthy,-1.0780621499637142,233.38496407494415
225.847120860992,12.29727469885743,healthy,-0.6366700950057121,225.847120860992
236.32781866106285,7.968356362043206,healthy,-0.06827762263933808,236.32781866106285
252.70692857804397,10.123359699695943,healthy,-0.8513704503128111,252.70692857804397
231.81866255058495,10.857633000661146,healthy,1.2338172320892937,231.81866255058495
232.48220586300337,11.386211214526288,healthy,-0.06466752999039241,232.48220586300337
225.40639100459757,10.352883110554451,healthy,-0.5555693479479282,225.40639100459757
221.5015563053521,9.265944321833356,healthy,-1.3013435268355793,221.5015563053521
238.30335816544246,8.34481955870256,healthy,0.48444660527893796,238.30335816544246
221.43916174091132,10.172287766092749,healthy,0.4616662947113632,221.43916174091132
230.71566237219392,7.855721976028786,healthy,-0.7922089061846919,230.71566237219392
225.22342553234884,4.157299033010785,healthy,-2.2363290283141453,225.22342553234884
234.78979825746393,10.873119608315335,healthy,0.41076218957588423,234.78979825746393
233.33662105286948,11.80786968217239,healthy,-0.1868033912610023,233.33662105286948
240.37539944257898,,healthy,0.33607116792566905,240.37539944257898
224.89983601145252,7.9805385905801245,healthy,1.9571745336396382,224.89983601145252
227.3012506470663,11.238308522010396,healthy,-0.02683184370905971,227.3012506470663
220.21236284217693,14.114990939423397,healthy,-0.5138386168427719,220.21236284217693
225.5570673992389,10.041587415350817,healthy,-1.1473219676483402,225.5570673992389
233.7730049304485,8.54399411754173,healthy,-0.31242179149504906,233.7730049304485
356.3548292496803,28.90262135337096,healthy,0.16057734961564119,237.56988616645353
220.77834675822373,12.74975283829637,healthy,0.053307420598760376,220.77834675822373
238.6960592010566,8.70807164175093,healthy,1.723465340067103,238.6960592010566
243.5563785880495,8.401615986699493,healthy,0.4990855654659427,243.5563785880495
234.134349032237,9.034512955635936,healthy,-0.13480087150720985,234.134349032237
248.76795812558066,8.093342783482575,healthy,-0.7065605788334728,248.76795812558066
222.26210800896428,10.245340631989592,healthy,0.2666727637833204,222.26210800896428
217.55345296688583,13.24935691693912,healthy,-0.9070081583826592,217.55345296688583
212.21279751095722,10.646158546232058,healthy,0.1798310795379064,212.21279751095722
244.96044311489183,9.495292995747425,healthy,0.4874139269048432,244.96044311489183
236.54365656354057,9.416377462168912,healthy,-0.21645222277144752,236.54365656354057
229.44415329089546,6.873618382606686,healthy,-0.6302864440651417,229.44415329089546
232.7996862631982,11.766219554294318,healthy,-2.185296847334906,232.7996862631982
218.74510952701624,9.844325605974396,healthy,1.1438367264203908,218.74510952701624
254.45751979616827,9.63904017281875,healthy,0.4033003902452816,254.45751979616827
231.29221181975228,16.38621513568972,healthy,0.4276172815847823,231.29221181975228
231.09394794604893,10.597505816731372,healthy,-1.5613523357772998,231.09394794604893
237.25766623898693,,healthy,1.3798386997400571,237.25766623898693
234.81009231736712,9.147284807588914,healthy,-0.4652168666180802,234.81009231736712
232.23884024279133,12.29689141839351,healthy,-0.28879530269948617,232.23884024279133
222.09525544554688,10.22654082107553,healthy,-1.0692868554188253,222.09525544554688
234.71468357135996,7.123444043365266,healthy,-1.7869457313398482,234.71468357135996
248.82024496475034,11.838457869150407,healthy,1.157346311723567,248.82024496475034
243.4542004615498,8.663711828922011,healthy,1.2865973693976245,243.4542004615498
245.93186626639397,13.74659555243509,healthy,-0.16552815135332738,245.93186626639397
224.88784323568814,12.160096131429297,healthy,-0.6793845698063502,224.88784323568814
220.1039517974142,9.105356208682498,healthy,-0.3770441691342582,220.1039517974142
228.74213079900352,12.562032723470226,healthy,-0.3496149900355497,228.74213079900352
230.55724912288696,10.135711021054806,healthy,-1.1998597221795984,230.55724912288696
240.94191518470947,11.705547350244439,healthy,-0.29225521544384025,240.94191518470947
213.0753537028518,10.96946563458895,healthy,0.15310199293432541,213.0753537028518
245.29550319460614,8.307286690018254,healthy,1.018157247648752,245.29550319460614
228.4199210142101,8.712900335365076,healthy,0.01424416401371203,228.4199210142101
225.7311893005258,12.059921635162322,healthy,-1.5763517088994359,225.7311893005258
219.87895624739832,9.330449335786918,healthy,0.3535478631986765,219.87895624739832
213.4514332813423,9.192703073516007,healthy,-0.25593056166975336,213.4514332813423
238.23170583961914,8.089754841301295,healthy,1.3704096939838664,238.23170583961914
230.73317967188405,10.847198131186921,healthy,1.4294578020440076,230.73317967188405
217.10039100258945,14.12504983848629,healthy,1.4644543122672997,217.10039100258945
217.04921227936384,7.864934171491454,healthy,-0.5615879353732794,217.04921227936384
226.64215300709873,10.048438913345516,healthy,1.9898550733375573,226.64215300709873
246.69021525289392,12.824441110830858,healthy,0.3509425048957069,246.69021525289392
227.40408648636395,9.840717217508569,healthy,1.6263804056686328,227.40408648636395
214.96857046881894,10.904743592499468,healthy,-0.5026196138317597,214.96857046881894
227.54256935914054,7.875212943706241,healthy,-0.29859673760962646,227.54256935914054
227.27276430252329,10.856614194415297,healthy,0.27402735267208544,227.27276430252329
203.03113357058427,9.625711469990902,healthy,0.15187760961393976,203.03113357058427
229.45705133482187,11.971459991359726,healthy,1.2548119434691696,229.45705133482187
227.69065469791323,12.374772103129501,healthy,-0.23212931854845434,227.69065469791323
236.96206364813418,15.179127284037229,healthy,1.1646149903103564,236.96206364813418
248.48956094945345,11.15926634642715,healthy,0.7322345071326534,248.48956094945345
241.26565029547757,10.651592633164332,healthy,-0.21339221860714852,241.26565029547757
227.31111309445168,10.388768603154672,healthy,0.6546766174823133,227.31111309445168
218.9347409125833,9.293667414378623,healthy,-0.47326504683304876,218.9347409125833
255.7335980324986,10.676967686923382,healthy,2.3502058000057215,255.7335980324986
230.59218434014488,9.409197179721941,healthy,-2.664332321074447,230.59218434014488
230.13929291912947,,healthy,0.6729432044950393,230.13929291912947
229.75874912889998,12.63519507121592,healthy,-1.7645959092770471,229.75874912889998
231.98084760767856,7.986914869440717,healthy,-0.22565670321806863,231.98084760767856
228.55639588076056,12.27975712225809,healthy,-0.08560808947124605,228.55639588076056
224.26337993119765,12.634230134679731,healthy,1.507633558913684,224.26337993119765
224.53141058759607,9.763862946017843,healthy,-0.6921522120768903,224.53141058759607
229.67246729784003,5.756290201982811,healthy,1.308011915661778,229.67246729784003
224.56575228866234,8.784356025811135,healthy,-1.1788166402247968,224.56575228866234
222.87154217322836,12.593989093122218,healthy,1.346669723754866,222.87154217322836
231.06430227691897,9.954263875402235,healthy,-0.47434544190347283,231.06430227691897
227.45022782579144,8.001395535410179,healthy,0.07343451924111885,227.45022782579144
245.0399298858269,8.990450157543565,healthy,-0.33637866311040404,245.0399298858269
203.49030191606988,11.681240053009105,healthy,1.2823634741156038,203.49030191606988
240.91506851922463,11.093467136402758,healthy,1.0877398432337475,240.91506851922463
242.46085192497628,9.522135801660612,healthy,0.44350172058452486,242.46085192497628
209.2660976759185,9.266351176370625,healthy,-1.151868384586774,209.2660976759185
226.57312405919652,9.216483701912356,healthy,-0.7150218680302427,226.57312405919652
226.2855913400421,8.155179631002994,healthy,-1.0285765255061254,226.2855913400421
215.9248830528218,13.230751378938884,healthy,-2.2481428867921633,215.9248830528218
222.22183312409123,9.355359061577321,healthy,1.2613181018500463,222.22183312409123
218.8942415453417,12.434317041650992,healthy,-0.32782352634269685,218.8942415453417
247.52270443423623,13.042632103844902,healthy,-0.33849396429229733,247.52270443423623
239.3567839314746,11.996621796295921,healthy,1.4961022334255598,239.3567839314746
242.7155509499416,9.136759374563903,healthy,-0.4759886023863676,242.7155509499416
237.21672064043236,10.80746018067322,healthy,-0.8404709356859309,237.21672064043236
218.7094822878277,9.951608787218168,healthy,-0.2247456205149846,218.7094822878277
224.75479733720226,8.192596278539744,healthy,-1.1326690518768963,224.75479733720226
234.8937456122792,10.648718563443206,healthy,0.3443557692879563,234.8937456122792
217.77872191108054,7.641920417680395,healthy,-0.37366207826417036,217.77872191108054
237.12998430172388,12.375358776923127,healthy,-0.5072714105938124,237.12998430172388
227.59674601841866,9.070765405403215,healthy,-0.5939031720203022,227.59674601841866
226.25179192450403,10.402319311745678,healthy,-0.10622149384201134,226.25179192450403
237.1095996820349,10.566575743092285,healthy,0.0834811255198509,237.1095996820349
234.4426331148604,9.482190052591845,healthy,-0.5199750884075218,234.4426331148604
226.3903383418092,11.17338760295055,healthy,-0.3587659360951468,226.3903383418092
241.59329803364247,9.05019268675495,healthy,-0.08152282681934891,241.59329803364247
219.18936672400102,11.742594594914488,healthy,-0.18241813553953884,219.18936672400102
236.15935606944265,7.308040639506503,healthy,0.031075966875013874,236.15935606944265
235.93101257968385,10.252759159092824,healthy,-0.6766708032480138,235.93101257968385
226.9045356068601,13.87785799811657,healthy,1.0045929091264905,226.9045356068601
233.26133022242118,7.999337350788851,healthy,0.09682817740951716,233.26133022242118
217.48886423614698,8.644510058950297,healthy,-0.5038467528248772,217.48886423614698
239.240270192069,11.02781569931783,healthy,0.34438421737853486,239.240270192069
228.1509786355701,10.359163563879196,healthy,-0.07436859881871455,228.1509786355701
224.77276979480962,10.701260198547118,healthy,-1.733826354483668,224.77276979480962
240.4900922583689,10.978374260295327,healthy,0.3409526902216264,240.4900922583689
222.9565630945724,11.26944293712354,healthy,-1.0195062023841872,222.9565630945724
323.8730805545466,36.65819905173734,healthy,0.9344277832313074,215.9153870363644
214.43370826476095,10.819637313857026,healthy,-0.241749638893447,214.43370826476095
236.0600995134564,9.517484690762915,healthy,0.7800702973910638,236.0600995134564
217.19570647503718,11.345147402405463,healthy,-0.6302185531976071,217.19570647503718
247.54794181984366,13.799763869790432,healthy,0.06992926714063982,247.54794181984366
209.18070592116277,9.734732507234853,healthy,1.2102435005068763,209.18070592116277
246.96456368290038,8.050941390658718,healthy,-0.2690165464148226,246.96456368290038
232.11017467202618,12.214161338573945,healthy,-0.5908170987358049,232.11017467202618
229.03286888129608,9.759237672092803,healthy,0.6550406137817893,229.03286888129608
224.5508091319105,5.654660907971928,healthy,0.6356615967509606,224.5508091319105
233.99136114352072,11.694843354300843,healthy,-0.5487491334148188,233.99136114352072
229.62365297575153,8.929343628092155,healthy,-1.9854610204177623,229.62365297575153
241.0330188201652,9.818933435391678,healthy,-0.610022977498356,241.0330188201652
231.1422764866204,10.663960661138029,healthy,0.677359521686422,231.1422764866204
231.50301761461878,10.380999359558134,healthy,-0.775034189423724,231.50301761461878
226.36387787786146,11.41890363427808,healthy,-0.010937837016195572,226.36387787786146
344.145815644184,27.387081776580942,healthy,-0.657484937966344,229.4305437627893
233.0780176889206,11.026211596352166,healthy,-1.9321671625260497,233.0780176889206
212.89831607343373,9.480906644832165,healthy,-0.6754811770399278,212.89831607343373
216.51814577894288,11.477620961775006,healthy,0.6731320206897123,216.51814577894288
237.43264094022715,11.230734968026107,healthy,-2.3702524800658122,237.43264094022715
231.70865438127942,8.12912259591081,healthy,0.25216735047557565,231.70865438127942
228.1601666364732,12.171964232350064,healthy,-1.1860692313994132,228.1601666364732
230.18433933065393,8.928073109771905,healthy,0.6084420694741921,230.18433933065393
233.4758170536167,11.61611559656229,healthy,0.7143189358736531,233.4758170536167
224.60240319690638,10.734574626802681,healthy,-0.17194793491127605,224.60240319690638
222.21695274597687,13.676367353590244,healthy,-0.16966815878122207,222.21695274597687
231.9584525509768,9.553068035256295,healthy,-0.8063626971363014,231.9584525509768
220.21627222384967,9.301366407763606,healthy,-1.345583400104966,220.21627222384967
234.08252755714472,9.961160788224534,healthy,1.698092906333733,234.08252755714472
212.97416395762158,9.393640434331449,healthy,-0.8650714271711278,212.97416395762158
240.29155637325644,11.5998838038841,healthy,1.5677961311964723,240.29155637325644
234.72597482413042,6.767378783126825,healthy,-0.8595000398001769,234.72597482413042
232.56029734313876,7.892635161707291,healthy,0.5251903903377283,232.56029734313876
239.82690983945514,7.864394156841614,healthy,-1.1378071596536348,239.82690983945514
246.65474444462578,11.900615183947151,healthy,0.5233950169020153,246.65474444462578
240.1437006501813,13.42122674516385,healthy,-0.3255873571531219,240.1437006501813
211.59125768668355,9.791101562925057,healthy,-0.3125161606756704,211.59125768668355
217.204230332643,9.66235655361998,healthy,0.6100231697844505,217.204230332643
223.7518142230432,10.140104326226362,healthy,-0.4691413650790981,223.7518142230432
230.26091050210835,12.323756605216381,healthy,-1.4281484954450976,230.26091050210835
235.17659020469122,8.145293731618851,healthy,0.7613055634094525,235.17659020469122
222.74256186846534,10.476737965469571,healthy,-1.1459005899823282,222.74256186846534
231.8676676447708,11.950395259564859,healthy,0.51651728439791,231.8676676447708
222.44617067646678,11.002188339879691,healthy,0.9729965453330005,222.44617067646678
223.8848219700805,10.379163233197486,healthy,-0.3754938863522174,223.8848219700805
215.93338903151778,12.002092185134282,healthy,1.182352844091784,215.93338903151778
220.76766753889095,4.593535414001526,healthy,0.48178370786128394,220.76766753889095
216.48315394383667,11.355750639061815,healthy,-0.6958614201447756,216.48315394383667
220.24126747022666,8.691848633745153,healthy,1.4014290022660747,220.24126747022666
240.5364179660784,6.338734206287086,healthy,-1.1416718217393904,240.5364179660784
220.50601111168058,11.022405199049961,healthy,-0.37670042990356545,220.50601111168058
256.3238206483739,12.747317090325915,healthy,-0.20631480361932888,256.3238206483739
234.9331790088089,9.725102970744617,healthy,0.6052237010182555,234.9331790088089
231.84836123694873,11.905749094405877,healthy,1.1154332973811345,231.84836123694873
221.41642219818786,13.22455651597729,healthy,1.0527915569027135,221.41642219818786
237.0030987940899,12.629828907168095,healthy,0.22374831957430621,237.0030987940899
224.24362173762225,13.279929058742786,healthy,-0.28026910446356673,224.24362173762225
231.2200981464536,11.484254982143785,healthy,-1.8259842416276302,231.2200981464536
255.60084538268794,10.150867277803185,healthy,-1.3141458544552165,255.60084538268794
229.0394010027535,6.796068376205663,healthy,1.7666554892914357,229.0394010027535
241.49273326285675,9.507875023740104,healthy,-1.8360719875025393,241.49273326285675
222.96823574874114,8.313506809367617,healthy,-0.7844906432421096,222.96823574874114
229.65011509503037,14.341885434995628,healthy,1.1446062820500897,229.65011509503037
247.7080063563551,9.648228375135327,healthy,0.20971329919736692,247.7080063563551
223.73032942212234,10.246409613568972,healthy,0.9280450710056922,223.73032942212234
248.1244855799693,11.102970752080935,healthy,0.5428283512706765,248.1244855799693
237.07751935455477,10.087204892744907,healthy,1.4695825373608864,237.07751935455477
224.37533224105732,13.390102080861507,healthy,0.2954272865648849,224.37533224105732
236.3240773905552,8.754701276531096,healthy,0.6634477291515113,236.3240773905552
239.7255444962673,10.389214910474486,healthy,-0.7242465320583404,239.7255444962673
236.21809962217196,8.515058828603904,healthy,0.5863329755781368,236.21809962217196
214.29775280109544,7.359954977558589,healthy,-0.3961260979892287,214.29775280109544
222.72862824175132,8.776461818189428,healthy,-0.45310586798071245,222.72862824175132
227.52481364448496,9.925926405903176,healthy,0.8947235146471376,227.52481364448496
229.25566570899954,9.14139555096548,healthy,0.9016233760593639,229.25566570899954
236.20672097550678,8.615158040252288,healthy,1.6884421557461313,236.20672097550678
231.77701000933254,7.187365072656332,healthy,1.623263185486201,231.77701000933254
216.64655641289897,9.833788854742611,healthy,0.9173151613587754,216.64655641289897
233.80197851005963,6.990559251937995,healthy,-1.7204456102367125,233.80197851005963
236.10585745283822,11.520111927379205,healthy,1.8276809829496963,236.10585745283822
235.5979044793104,10.164879505869006,healthy,0.9179676706663622,235.5979044793104
240.8078072555462,7.084897001070139,healthy,-0.7658600900863026,240.8078072555462
238.33922154548904,9.381581845900273,healthy,0.7289091555627822,238.33922154548904
234.59180079228437,8.495687188818835,healthy,-1.0372657409627284,234.59180079228437
229.29834288541352,10.63834902083836,healthy,0.6186301201097418,229.29834288541352
213.39039066484008,12.680900892046289,healthy,-1.3162700410740993,213.39039066484008
234.29618219132587,6.249655060708511,healthy,-0.8082184087866364,234.29618219132587
232.0768768716311,,healthy,0.7099291292005268,232.0768768716311
232.71578837195372,9.67973440886672,healthy,1.0728867429928937,232.71578837195372
217.2325142417969,11.34268015290093,healthy,0.32543685943381034,217.2325142417969
219.18943459591736,10.426393256475379,healthy,-0.28616863668797066,219.18943459591736
240.53152853332904,8.496061336522361,healthy,-2.1148662950169905,240.53152853332904
229.60444846143346,9.361892128666764,healthy,-0.20902109965135976,229.60444846143346
236.81500697372624,8.407948286393022,healthy,0.5334850768245277,236.81500697372624
230.2831837613046,12.152014277197196,healthy,-0.31676510593564716,230.2831837613046
230.29756139495746,,healthy,-0.022577941094418186,230.29756139495746
359.07425708964,41.40714411451805,healthy,-0.18561746791792078,239.38283805976
224.83955271782625,9.878678372370759,healthy,-0.3217062178214337,224.83955271782625
230.96120776940984,,healthy,0.07587738995981268,230.96120776940984
225.3772471129496,6.972571214774346,healthy,-0.27269458215246056,225.3772471129496
225.65503772567683,6.393720647488109,faulty,1.4432895536319423,225.65503772567683
226.9082787653136,6.831728113989021,faulty,-2.206418848383733,226.9082787653136
232.22133771633713,10.534253302022966,faulty,-0.5458425859710776,232.22133771633713
225.21251378336524,11.017450046459867,healthy,-0.8702562235172253,225.21251378336524
242.5575612557352,6.837618595935734,faulty,0.21911060003441002,242.5575612557352
221.05392697780496,11.790076628152232,healthy,0.07714478588312636,221.05392697780496
228.1312835583864,9.033877896633122,healthy,1.6221931015494289,228.1312835583864
225.60268941725826,10.293586023971098,faulty,1.9511420482977946,225.60268941725826
244.46977884353734,13.224441256510849,healthy,-0.7730834555704812,244.46977884353734
231.96554776511576,11.793678631731064,healthy,0.0005000650336295328,231.96554776511576
240.31844539468634,9.462938704188335,healthy,0.19630441692435538,240.31844539468634
215.14439626963028,8.217615549169425,faulty,-0.797813748337336,215.14439626963028
,5.69636919734139,healthy,0.6283820360376229,
238.89630795623438,8.56169336151516,healthy,-0.2395073687649446,238.89630795623438
230.82283989275425,9.577739522344611,faulty,-1.0676348506009778,230.82283989275425
240.6548037506535,8.025640945697631,healthy,-0.2795683042665431,240.6548037506535
,9.737486065815391,healthy,-0.9976745727406487,
244.0934744018558,10.153703765917536,faulty,1.0366468294192557,244.0934744018558
252.9889812361925,9.550288036383844,healthy,1.9015592551136702,252.9889812361925
226.37161439560342,8.699994838353081,healthy,0.2448193738945395,226.37161439560342
225.54497478599228,10.337309343933455,healthy,0.11127676805327562,225.54497478599228
244.533844771177,10.883881299138817,healthy,0.1524347668741858,244.533844771177
245.79572145730714,7.819201845114308,healthy,1.182234028938315,245.79572145730714
224.77139972846732,12.82186475949254,faulty,1.1606990035971831,224.77139972846732
225.79813182904144,9.802823735431476,faulty,-0.11565356854823089,225.79813182904144
227.18215391139492,10.037699245889696,faulty,0.25258992737909125,227.18215391139492
216.55549488965724,11.416428846513114,faulty,0.6526464071770783,216.55549488965724
220.81348053515802,10.466432262527004,healthy,-1.137687456550734,220.81348053515802
219.95859233247933,11.90627326782649,healthy,1.2126082374204565,219.95859233247933
222.3220243489587,,healthy,1.7348318912272276,222.3220243489587
229.6531511261322,8.775125250719125,healthy,1.1650321048394572,229.6531511261322
232.3421473253652,10.723007050412203,healthy,-1.245593911614555,232.3421473253652
245.50500492814078,7.712547585358676,faulty,-1.9700004554188741,245.50500492814078
220.01645959261208,10.217119411553046,faulty,0.7087186735179315,220.01645959261208
239.84322398476584,9.933540018711078,healthy,-0.7601894489620864,239.84322398476584
227.86011155774491,9.58376628545492,healthy,0.2871333541229858,227.86011155774491
229.50536290347566,9.742924977122138,healthy,1.5351487200075487,229.50536290347566
355.12229238249904,18.708905727014162,faulty,-0.65695517639841,236.74819492166603
218.772779784377,8.902550184518077,healthy,-0.3775546564089599,218.772779784377
233.8240974618405,10.18568980228223,healthy,0.2767229725883162,233.8240974618405
231.66452208213056,10.3197127839948,healthy,-1.2975096399822306,231.66452208213056
234.9245126400815,7.944649718148083,faulty,-0.7578561960058762,234.9245126400815
232.89168643907817,12.531415681729401,healthy,0.024857503751269192,232.89168643907817
254.55300139910895,8.267650303571,faulty,-0.30045486881775135,254.55300139910895
223.62260015748683,11.938914401053474,faulty,0.6084077537992262,223.62260015748683
224.69003044998183,10.85438872374337,faulty,2.765979614439267,224.69003044998183
223.76859473575234,8.707545380312395,faulty,0.09913833941812458,223.76859473575234
224.44522880839745,13.550621785219024,faulty,-0.8417119460380091,224.44522880839745
223.62612872693484,7.6127263364870394,faulty,1.4182403547575644,223.62612872693484
241.89016531107552,11.838308347220003,healthy,-1.5888184753202212,241.89016531107552
244.20504247989854,12.001164636085957,healthy,-1.3889081710291074,244.20504247989854
224.29253706250523,8.65875958184671,healthy,-0.5951034386477235,224.29253706250523
221.6764442689577,12.784930600128657,faulty,-0.2828867205196255,221.6764442689577
234.71415556386404,9.499906970802094,healthy,-0.6190727365172086,234.71415556386404
224.4777695571903,10.577387258559714,faulty,-0.03151232442302292,224.4777695571903
236.3293181775551,10.520643677542441,faulty,0.274741902746345,236.3293181775551
232.02923020851298,9.731382517058904,faulty,1.068959535275138,232.02923020851298
214.84255885002767,11.621616546319565,healthy,0.0911882738437822,214.84255885002767
245.47505201330063,11.586977441104427,faulty,-0.5619462476951015,245.47505201330063
247.9587767309552,6.502936053523639,faulty,1.0146453864394118,247.9587767309552
223.87211309515612,12.608680485756306,healthy,-0.8177154757301307,223.87211309515612
226.12298440064015,6.675016023928651,healthy,-1.632602745687323,226.12298440064015
232.85865390724905,12.065092408683315,faulty,1.205956017904542,232.85865390724905
233.34456789987024,,faulty,1.1418532448109715,233.34456789987024
236.5854427267283,7.818067139569603,healthy,-0.7922983922041061,236.5854427267283
250.1020453876635,9.17837142409083,healthy,-0.3990988538209255,250.1020453876635
228.23052772505952,7.7885906630281285,healthy,-0.9169275453299295,228.23052772505952
222.01702755461545,9.57015793942253,faulty,0.326624217565134,222.01702755461545
216.20680771985474,9.383931431628518,healthy,1.7320492913680818,216.20680771985474
222.6906996005808,11.559321064538679,healthy,0.702881798595122,222.6906996005808
229.66873027126204,12.620617492239216,healthy,1.0357246425830327,229.66873027126204
247.94557863517787,12.791367621579912,faulty,0.8197283316910118,247.94557863517787
224.8238870096383,8.875663946843396,healthy,-0.0001191485590934855,224.8238870096383
232.23787951638897,9.581556252510945,healthy,1.0833404379113156,232.23787951638897
229.8357710392725,6.6331236155581,healthy,0.7450305629127996,229.8357710392725
241.88393273448085,8.388259867007623,healthy,1.4394457151531361,241.88393273448085
,11.929703266194915,healthy,-0.4595489411617563,
224.6913122707968,13.231165647096464,faulty,-1.7381116395453866,224.6913122707968
225.1056055748178,7.531302256240156,faulty,1.0452510148730776,225.1056055748178
240.44160877069072,8.815071481694211,faulty,0.3497695206060582,240.44160877069072
236.81891489626312,9.947188486082146,healthy,-0.2960461003212362,236.81891489626312
248.46707325736034,10.560322317639214,faulty,-0.24015281230749122,248.46707325736034
235.83928185325965,8.380792960156707,faulty,2.5546863259021158,235.83928185325965
226.4070790921294,10.848122088928179,faulty,-0.6421946525342711,226.4070790921294
235.9065483069231,9.052321305858168,healthy,-0.8533033068263332,235.9065483069231
241.0870358058291,9.971095458243441,healthy,0.08528423349335175,241.0870358058291
238.20482181197363,11.092568496007399,faulty,1.180490877972961,238.20482181197363
235.07274031107298,10.012844539621875,faulty,2.2784019865292278,235.07274031107298
240.66674689589155,9.127228218946863,healthy,0.6573649633895711,240.66674689589155
241.69295590445674,9.780780392148339,healthy,-1.27040874397943,241.69295590445674
243.82158991037528,9.823274081589329,faulty,1.970864270717799,243.82158991037528
236.48709887589644,9.259977940235744,healthy,-0.019468699077097074,236.48709887589644
228.32881919683146,,faulty,-0.8377094318949696,228.32881919683146
231.46713686433324,13.197294341009433,healthy,-1.079392457099354,231.46713686433324
242.06508966508358,11.121838895882478,faulty,0.836328719335456,242.06508966508358
221.83064329012763,9.409039363941679,faulty,0.23882938618641383,221.83064329012763
233.686733088729,11.393908809021472,healthy,0.3450753769458505,233.686733088729
226.0666118767264,9.33236102048798,faulty,1.286503119071931,226.0666118767264
230.28744822934817,12.346249275173282,faulty,-0.8021545915096441,230.28744822934817
242.78451862607298,10.739284384396187,faulty,1.366154628273648,242.78451862607298
231.91099068019903,9.785395711991542,healthy,-0.5191573227936902,231.91099068019903
230.4643654815615,10.895433851620556,healthy,2.1640073739123564,230.4643654815615
216.4014385902008,6.858247695863001,healthy,0.5987390159931402,216.4014385902008
237.4625356602722,7.746465062180389,faulty,-0.9202385297763772,237.4625356602722
236.45484181141074,7.612149987201889,healthy,-2.0254180833204796,236.45484181141074
251.6325472330546,10.285886189527414,faulty,0.8089247222790114,251.6325472330546
226.92221765047,13.465029998970184,faulty,-0.37418027599018366,226.92221765047
232.1915032766394,14.462600292385265,healthy,-0.15556569452183558,232.1915032766394
232.49383683710755,11.276102202881514,healthy,0.7661960091741071,232.49383683710755
245.77453279763475,11.001688949888914,faulty,1.0104138262506557,245.77453279763475
229.04704467613047,6.3978845316945225,faulty,1.2237103406692909,229.04704467613047
232.79021525770338,8.914652400531956,healthy,-1.1748413083829365,232.79021525770338
,8.424432496183522,healthy,1.4258947496245888,
,8.758304803497769,healthy,-0.5790453361681495,
225.53566385449471,9.66371236283042,faulty,-2.2562499347482268,225.53566385449471
231.94089992898307,9.055818844605746,faulty,-1.1784403468600457,231.94089992898307
240.7363174985977,6.041400379248424,faulty,0.21802509213256502,240.7363174985977
219.7348470058894,11.495820512235067,faulty,-0.9788142460811394,219.7348470058894
231.32969674146875,7.8545139485203865,faulty,-0.08804446917604382,231.32969674146875
222.99879185060826,10.478493728222299,healthy,0.3382524875291783,222.99879185060826
241.95046628924842,14.148165339499947,healthy,-0.18138540310928583,241.95046628924842
214.76813095216227,8.161230816827153,faulty,-0.49435433785671684,214.76813095216227
224.41078152728412,4.9394249545073405,faulty,-1.2506960629882262,224.41078152728412
233.7721187506452,9.427991556239778,healthy,0.02194380821533224,233.7721187506452
245.6552402923434,12.201919269997141,healthy,-2.064957387584735,245.6552402923434
229.34249738927014,13.916694908441187,healthy,-0.6859980417194214,229.34249738927014
224.44800473306802,7.540900811095167,healthy,-0.927784109060761,224.44800473306802
248.8115706944059,10.993398446473044,faulty,-0.23937685150891483,248.8115706944059
215.51986099583755,9.069379086439893,healthy,-0.2133297993092693,215.51986099583755
208.01194043379917,9.788103291391728,faulty,0.9599566744337453,208.01194043379917
234.40014450053332,15.28868669403407,healthy,1.5834772772495995,234.40014450053332
224.9794577564739,6.994059343209694,healthy,-1.1177788402369702,224.9794577564739
219.78767182869288,10.507479322989147,healthy,1.9928326252700297,219.78767182869288
237.08356447299354,10.935386343530867,faulty,-0.7792955995214319,237.08356447299354
232.438007137712,12.171572649878694,faulty,0.17252678292308982,232.438007137712
224.35921369263272,10.195966306941791,healthy,0.5108629891483177,224.35921369263272
217.19695601329104,10.616101079008205,faulty,2.444582752582506,217.19695601329104
238.72457328280146,9.216702865156417,faulty,-0.5422823377626642,238.72457328280146
236.5020117795866,10.538253882490215,healthy,-1.7967380129780532,236.5020117795866
229.00824136220618,9.313615449005178,healthy,1.4903794701929813,229.00824136220618
248.46636996047667,11.243143779712101,faulty,-0.8333735587954348,248.46636996047667
219.29915233673847,9.260779327912733,faulty,-0.36158858057559284,219.29915233673847
214.74474829075263,,faulty,-1.1177496539261753,214.74474829075263
223.08091930118755,9.941474372630044,healthy,-0.35870377304891893,223.08091930118755
229.54413983644503,12.252100501544337,healthy,-0.8403915362054409,229.54413983644503
232.43339449322693,9.897212552823028,faulty,0.6764418164947713,232.43339449322693
227.5876394214367,6.453935063586237,healthy,0.08079162972197933,227.5876394214367
233.52055396514297,12.523843001427984,healthy,-0.6810551606146789,233.52055396514297
217.48460575809557,8.188535398274762,faulty,0.9958719766589276,217.48460575809557
244.4376460407326,8.69246732270236,faulty,0.25499675067459876,244.4376460407326
229.1784882160743,8.808677411913015,healthy,-1.8460482504440554,229.1784882160743
241.1729583158813,12.748876186341635,healthy,0.9197033140843018,241.1729583158813
233.42725346377705,5.728651572042609,faulty,0.1848678838526347,233.42725346377705
234.56753219153785,16.27549706731999,healthy,1.3907324875915426,234.56753219153785
235.69767280232205,12.112113618132103,healthy,0.12391742634264473,235.69767280232205
234.47708560017315,10.446477828258319,faulty,-0.791709350567595,234.47708560017315
236.42722759867544,9.890211998767427,faulty,-0.20429533330183694,236.42722759867544
243.29152530132433,10.571108149715315,healthy,0.8039193308807204,243.29152530132433
231.9652116970147,11.042244856758677,healthy,-0.7707370597008625,231.9652116970147
237.09003757588513,11.290431171900114,healthy,-0.44029678710755854,237.09003757588513
343.6539645856916,33.33362679602069,faulty,-0.2216885799990672,229.10264305712772
244.40117215449473,10.179161362510497,healthy,-1.1493716102158729,244.40117215449473
223.2360769794073,9.605323159385348,healthy,-0.7563234246285745,223.2360769794073
248.00940432910815,9.697453432692976,faulty,0.17255019180419026,248.00940432910815
229.59842049355657,9.610183439294637,faulty,1.2024777476530082,229.59842049355657
215.69224897881952,12.26754019373413,healthy,0.3171469847104752,215.69224897881952
231.28104414910788,11.187113444561724,faulty,-0.045861259369021544,231.28104414910788
223.18948342525118,4.1192227306714395,faulty,-0.8312707739523109,223.18948342525118
238.40643548988723,11.311801553059523,healthy,1.0951604117202318,238.40643548988723
223.4737602069761,10.38947238943755,faulty,0.43350549994684245,223.4737602069761
225.5381656678522,9.962582487108206,faulty,-0.7067297635192396,225.5381656678522
211.10459269054468,9.222963093822228,healthy,0.8986484586849005,211.10459269054468
225.47693680750922,12.248225439972027,faulty,0.559577061510467,225.47693680750922
205.76120673371042,11.895052924245716,healthy,-0.8135303493662359,205.76120673371042
214.16097176514276,8.454244664352782,healthy,-0.10137825626420019,214.16097176514276
237.60414656144297,10.81410457424907,faulty,-0.4927727282429369,237.60414656144297
237.85800158650832,8.056686530917428,faulty,2.633537940031605,237.85800158650832
234.25457561784964,7.2407636704221385,faulty,0.5317448831256588,234.25457561784964
220.33023856870787,8.746565550820069,healthy,0.18676205484824018,220.33023856870787
229.5228864385802,11.724786944765517,faulty,0.4726630560767134,229.5228864385802
229.96397460909432,,healthy,1.3791625881974978,229.96397460909432
218.41635310807456,11.026170840194586,faulty,-0.08338014443846556,218.41635310807456
245.03398301767152,11.450191573695994,faulty,-0.5899092978657563,245.03398301767152
238.77362290575672,11.032356574229917,faulty,0.8442832280974177,238.77362290575672
227.79035826170337,8.717036809554095,healthy,-0.17494456600131203,227.79035826170337
230.2688583899453,10.863845089347882,faulty,-1.0698953290805033,230.2688583899453
232.08382807947552,11.600819050455364,faulty,-1.2646864317560584,232.08382807947552
209.5826513157571,11.508582659627148,healthy,1.5292965508395333,209.5826513157571
227.52822617479404,12.377826742949285,healthy,0.13164456691928453,227.52822617479404
223.18015752002202,11.416607694402128,faulty,-0.5895673839924012,223.18015752002202
219.98379990105084,10.702896415083165,faulty,-0.23433491104206355,219.98379990105084
227.18899707114045,12.140300476632856,faulty,0.8074447180083516,227.18899707114045
247.97686526849523,9.94695748150188,healthy,-0.29340551584204505,247.97686526849523
236.4084286126701,8.236250697544564,healthy,-1.4494197291774182,236.4084286126701
224.28821010217203,9.673866072112473,healthy,0.32584085214792474,224.28821010217203
235.72582781356158,8.510194710387102,healthy,1.2083478175735631,235.72582781356158
